[{"model": "admin.logentry", "pk": 1, "fields": {"action_time": "2022-10-16T14:58:04.063Z", "user": 1, "content_type": 7, "object_id": "1", "object_repr": "Product object (1)", "action_flag": 1, "change_message": "[{\"added\": {}}]"}}, {"model": "admin.logentry", "pk": 2, "fields": {"action_time": "2022-10-17T13:20:41.318Z", "user": 1, "content_type": 7, "object_id": "1", "object_repr": "Airpods Wireless Bluetooth Headphones", "action_flag": 2, "change_message": "[{\"changed\": {\"fields\": [\"Image\"]}}]"}}, {"model": "admin.logentry", "pk": 3, "fields": {"action_time": "2022-10-17T13:33:56.388Z", "user": 1, "content_type": 7, "object_id": "1", "object_repr": "Airpods Wireless Bluetooth Headphones", "action_flag": 2, "change_message": "[{\"changed\": {\"fields\": [\"Image\"]}}]"}}, {"model": "admin.logentry", "pk": 4, "fields": {"action_time": "2022-10-17T14:09:25.476Z", "user": 1, "content_type": 7, "object_id": "1", "object_repr": "Airpods Wireless Bluetooth Headphones", "action_flag": 2, "change_message": "[{\"changed\": {\"fields\": [\"Price\"]}}]"}}, {"model": "admin.logentry", "pk": 5, "fields": {"action_time": "2022-10-17T14:10:28.867Z", "user": 1, "content_type": 7, "object_id": "2", "object_repr": "Camera", "action_flag": 1, "change_message": "[{\"added\": {}}]"}}, {"model": "admin.logentry", "pk": 6, "fields": {"action_time": "2022-10-19T16:53:10.098Z", "user": 1, "content_type": 7, "object_id": "2", "object_repr": "Camera", "action_flag": 2, "change_message": "[{\"changed\": {\"fields\": [\"Category\", \"Rating\", \"NumReviews\", \"Price\", \"CountInStock\"]}}]"}}, {"model": "admin.logentry", "pk": 7, "fields": {"action_time": "2022-10-21T03:19:02.507Z", "user": 1, "content_type": 4, "object_id": "2", "object_repr": "test@email.com", "action_flag": 1, "change_message": "[{\"added\": {}}]"}}, {"model": "admin.logentry", "pk": 8, "fields": {"action_time": "2022-10-21T03:19:09.426Z", "user": 1, "content_type": 4, "object_id": "2", "object_repr": "test@email.com", "action_flag": 2, "change_message": "[]"}}, {"model": "admin.logentry", "pk": 9, "fields": {"action_time": "2022-10-21T03:20:52.704Z", "user": 1, "content_type": 4, "object_id": "2", "object_repr": "test@email.com", "action_flag": 2, "change_message": "[{\"changed\": {\"fields\": [\"First name\", \"Email address\"]}}]"}}, {"model": "admin.logentry", "pk": 10, "fields": {"action_time": "2022-10-21T06:22:01.716Z", "user": 1, "content_type": 4, "object_id": "2", "object_repr": "test@email.com", "action_flag": 2, "change_message": "[{\"changed\": {\"fields\": [\"Staff status\", \"Superuser status\"]}}]"}}, {"model": "admin.logentry", "pk": 11, "fields": {"action_time": "2022-10-21T06:22:07.704Z", "user": 1, "content_type": 4, "object_id": "1", "object_repr": "kendrickwinata", "action_flag": 2, "change_message": "[]"}}, {"model": "admin.logentry", "pk": 12, "fields": {"action_time": "2022-10-21T07:00:10.417Z", "user": 1, "content_type": 4, "object_id": "3", "object_repr": "notAdmin@email.com", "action_flag": 1, "change_message": "[{\"added\": {}}]"}}, {"model": "admin.logentry", "pk": 13, "fields": {"action_time": "2022-10-21T07:00:30.552Z", "user": 1, "content_type": 4, "object_id": "3", "object_repr": "notAdmin@email.com", "action_flag": 2, "change_message": "[{\"changed\": {\"fields\": [\"First name\", \"Email address\"]}}]"}}, {"model": "admin.logentry", "pk": 14, "fields": {"action_time": "2022-10-21T07:00:36.061Z", "user": 1, "content_type": 4, "object_id": "3", "object_repr": "notAdmin@email.com", "action_flag": 2, "change_message": "[]"}}, {"model": "admin.logentry", "pk": 15, "fields": {"action_time": "2022-10-21T08:36:07.138Z", "user": 1, "content_type": 4, "object_id": "5", "object_repr": "kawe@email.com", "action_flag": 2, "change_message": "[{\"changed\": {\"fields\": [\"Last name\"]}}]"}}, {"model": "admin.logentry", "pk": 16, "fields": {"action_time": "2022-10-21T08:41:00.877Z", "user": 1, "content_type": 4, "object_id": "1", "object_repr": "kendrickwinata@outlook.com", "action_flag": 2, "change_message": "[]"}}, {"model": "admin.logentry", "pk": 17, "fields": {"action_time": "2022-10-21T08:41:29.413Z", "user": 1, "content_type": 4, "object_id": "5", "object_repr": "kawe@gmail.com", "action_flag": 2, "change_message": "[{\"changed\": {\"fields\": [\"Email address\"]}}]"}}, {"model": "admin.logentry", "pk": 18, "fields": {"action_time": "2022-10-22T14:01:17.981Z", "user": 1, "content_type": 4, "object_id": "11", "object_repr": "kawe1@outlook.com", "action_flag": 1, "change_message": "[{\"added\": {}}]"}}, {"model": "admin.logentry", "pk": 19, "fields": {"action_time": "2022-10-22T14:02:23.131Z", "user": 1, "content_type": 4, "object_id": "11", "object_repr": "kawe1@outlook.com", "action_flag": 2, "change_message": "[{\"changed\": {\"fields\": [\"First name\"]}}]"}}, {"model": "admin.logentry", "pk": 20, "fields": {"action_time": "2022-10-22T14:02:53.010Z", "user": 1, "content_type": 4, "object_id": "11", "object_repr": "kawe1@outlook.com", "action_flag": 2, "change_message": "[{\"changed\": {\"fields\": [\"Email address\"]}}]"}}, {"model": "admin.logentry", "pk": 21, "fields": {"action_time": "2022-10-22T14:03:08.320Z", "user": 1, "content_type": 4, "object_id": "11", "object_repr": "kawe1@outlook.com", "action_flag": 2, "change_message": "[]"}}, {"model": "admin.logentry", "pk": 22, "fields": {"action_time": "2022-10-22T14:03:14.317Z", "user": 1, "content_type": 4, "object_id": "8", "object_repr": "test3@email.com", "action_flag": 2, "change_message": "[]"}}, {"model": "admin.logentry", "pk": 23, "fields": {"action_time": "2022-10-24T06:43:40.909Z", "user": 1, "content_type": 7, "object_id": "1", "object_repr": "Airpods Wireless Bluetooth Headphones", "action_flag": 2, "change_message": "[{\"changed\": {\"fields\": [\"Rating\"]}}]"}}, {"model": "admin.logentry", "pk": 24, "fields": {"action_time": "2022-10-26T14:36:17.868Z", "user": 1, "content_type": 7, "object_id": "2", "object_repr": "Camera", "action_flag": 2, "change_message": "[{\"changed\": {\"fields\": [\"CountInStock\"]}}]"}}, {"model": "admin.logentry", "pk": 25, "fields": {"action_time": "2022-10-26T14:36:23.683Z", "user": 1, "content_type": 7, "object_id": "1", "object_repr": "Airpods Wireless Bluetooth Headphones", "action_flag": 2, "change_message": "[{\"changed\": {\"fields\": [\"CountInStock\"]}}]"}}, {"model": "admin.logentry", "pk": 26, "fields": {"action_time": "2022-10-27T13:09:26.924Z", "user": 1, "content_type": 9, "object_id": "21", "object_repr": "2022-10-27 13:00:34.814818+00:00", "action_flag": 2, "change_message": "[{\"changed\": {\"fields\": [\"IsPaid\"]}}]"}}, {"model": "admin.logentry", "pk": 27, "fields": {"action_time": "2022-10-27T14:23:52.563Z", "user": 1, "content_type": 9, "object_id": "22", "object_repr": "2022-10-27 13:19:41.883210+00:00", "action_flag": 2, "change_message": "[{\"changed\": {\"fields\": [\"IsPaid\"]}}]"}}, {"model": "admin.logentry", "pk": 28, "fields": {"action_time": "2022-10-27T14:24:09.948Z", "user": 1, "content_type": 9, "object_id": "22", "object_repr": "2022-10-27 13:19:41.883210+00:00", "action_flag": 2, "change_message": "[{\"changed\": {\"fields\": [\"PaidAt\"]}}]"}}, {"model": "admin.logentry", "pk": 29, "fields": {"action_time": "2022-10-28T02:31:44.070Z", "user": 1, "content_type": 7, "object_id": "3", "object_repr": "ASUS ROG Zephyrus G14 14\"", "action_flag": 1, "change_message": "[{\"added\": {}}]"}}, {"model": "admin.logentry", "pk": 30, "fields": {"action_time": "2022-10-28T02:33:52.792Z", "user": 1, "content_type": 7, "object_id": "4", "object_repr": "Dell XPS7390 13\" InfinityEdge Touchscreen Laptop", "action_flag": 1, "change_message": "[{\"added\": {}}]"}}, {"model": "admin.logentry", "pk": 31, "fields": {"action_time": "2022-10-28T02:34:17.475Z", "user": 1, "content_type": 7, "object_id": "2", "object_repr": "Camera", "action_flag": 3, "change_message": ""}}, {"model": "admin.logentry", "pk": 32, "fields": {"action_time": "2022-10-28T02:36:32.973Z", "user": 1, "content_type": 7, "object_id": "5", "object_repr": "Samsung Galaxy S22+ 5G Smartphone", "action_flag": 1, "change_message": "[{\"added\": {}}]"}}, {"model": "admin.logentry", "pk": 33, "fields": {"action_time": "2022-10-28T03:07:59.935Z", "user": 1, "content_type": 7, "object_id": "5", "object_repr": "Samsung Galaxy S22+ 5G Smartphone", "action_flag": 2, "change_message": "[{\"changed\": {\"fields\": [\"Image\"]}}]"}}, {"model": "admin.logentry", "pk": 34, "fields": {"action_time": "2022-10-28T03:08:07.383Z", "user": 1, "content_type": 7, "object_id": "5", "object_repr": "Samsung Galaxy S22+ 5G Smartphone", "action_flag": 2, "change_message": "[{\"changed\": {\"fields\": [\"Image\"]}}]"}}, {"model": "admin.logentry", "pk": 35, "fields": {"action_time": "2022-10-28T03:09:17.586Z", "user": 1, "content_type": 7, "object_id": "6", "object_repr": "Apple iPhone 14 Pro (256 GB) - Space Black", "action_flag": 1, "change_message": "[{\"added\": {}}]"}}, {"model": "admin.logentry", "pk": 36, "fields": {"action_time": "2022-10-28T03:15:20.862Z", "user": 1, "content_type": 7, "object_id": "7", "object_repr": "HP ZBook Firefly G8 14\" Touchscreen", "action_flag": 1, "change_message": "[{\"added\": {}}]"}}, {"model": "admin.logentry", "pk": 37, "fields": {"action_time": "2022-10-28T06:33:29.052Z", "user": 1, "content_type": 7, "object_id": "8", "object_repr": "Apple AirTag", "action_flag": 1, "change_message": "[{\"added\": {}}]"}}, {"model": "admin.logentry", "pk": 38, "fields": {"action_time": "2022-10-28T06:35:00.407Z", "user": 1, "content_type": 7, "object_id": "9", "object_repr": "Sony WF-1000XM4 Wireless Noise Cancelling Headphones - Black", "action_flag": 1, "change_message": "[{\"added\": {}}]"}}, {"model": "admin.logentry", "pk": 39, "fields": {"action_time": "2022-10-28T06:35:24.754Z", "user": 1, "content_type": 7, "object_id": "1", "object_repr": "Airpods Wireless Bluetooth Headphones", "action_flag": 2, "change_message": "[{\"changed\": {\"fields\": [\"Brand\", \"Category\", \"Price\", \"CountInStock\"]}}]"}}, {"model": "admin.logentry", "pk": 40, "fields": {"action_time": "2022-10-28T06:37:12.639Z", "user": 1, "content_type": 7, "object_id": "10", "object_repr": "Logitech MX Master 3 Advanced Wireless Mouse", "action_flag": 1, "change_message": "[{\"added\": {}}]"}}, {"model": "admin.logentry", "pk": 41, "fields": {"action_time": "2022-10-28T11:21:35.741Z", "user": 1, "content_type": 7, "object_id": "11", "object_repr": "Marshall Stanmore II Bluetooth Speaker", "action_flag": 1, "change_message": "[{\"added\": {}}]"}}, {"model": "admin.logentry", "pk": 42, "fields": {"action_time": "2022-10-28T11:22:06.416Z", "user": 1, "content_type": 7, "object_id": "5", "object_repr": "Samsung Galaxy S22+ 5G Smartphone", "action_flag": 3, "change_message": ""}}, {"model": "admin.logentry", "pk": 43, "fields": {"action_time": "2022-10-28T11:24:59.762Z", "user": 1, "content_type": 7, "object_id": "12", "object_repr": "Divoom Ditoo Pixel Art Gaming Portable Bluetooth Speaker", "action_flag": 1, "change_message": "[{\"added\": {}}]"}}, {"model": "admin.logentry", "pk": 44, "fields": {"action_time": "2022-10-28T11:27:35.560Z", "user": 1, "content_type": 7, "object_id": "13", "object_repr": "Apple AirPods Max - Silver", "action_flag": 1, "change_message": "[{\"added\": {}}]"}}, {"model": "admin.logentry", "pk": 45, "fields": {"action_time": "2022-10-28T11:28:33.877Z", "user": 1, "content_type": 7, "object_id": "1", "object_repr": "Airpods Wireless Bluetooth Headphones", "action_flag": 2, "change_message": "[{\"changed\": {\"fields\": [\"Image\"]}}]"}}, {"model": "admin.logentry", "pk": 46, "fields": {"action_time": "2022-10-28T11:28:40.002Z", "user": 1, "content_type": 7, "object_id": "1", "object_repr": "Airpods Wireless Bluetooth Headphones", "action_flag": 2, "change_message": "[{\"changed\": {\"fields\": [\"Image\"]}}]"}}, {"model": "admin.logentry", "pk": 47, "fields": {"action_time": "2022-10-28T11:30:22.981Z", "user": 1, "content_type": 7, "object_id": "14", "object_repr": "Apple Magic Trackpad", "action_flag": 1, "change_message": "[{\"added\": {}}]"}}, {"model": "admin.logentry", "pk": 48, "fields": {"action_time": "2022-10-28T11:32:52.695Z", "user": 1, "content_type": 7, "object_id": "15", "object_repr": "GuliKit Kingkong 2 Pro Controller with Hall Effect Sensing Joystick for Switch", "action_flag": 1, "change_message": "[{\"added\": {}}]"}}, {"model": "admin.logentry", "pk": 49, "fields": {"action_time": "2022-10-28T11:34:47.177Z", "user": 1, "content_type": 7, "object_id": "16", "object_repr": "Apple Watch Series 8 GPS 41-mm Starlight Aluminium Case with Starlight Sport Band", "action_flag": 1, "change_message": "[{\"added\": {}}]"}}, {"model": "admin.logentry", "pk": 50, "fields": {"action_time": "2022-10-28T11:36:45.649Z", "user": 1, "content_type": 7, "object_id": "17", "object_repr": "DJI Mini SE - Camera Drone with 3-Axis Gimbal, 2.7K Camera", "action_flag": 1, "change_message": "[{\"added\": {}}]"}}, {"model": "admin.logentry", "pk": 51, "fields": {"action_time": "2022-10-28T11:41:14.092Z", "user": 1, "content_type": 7, "object_id": "18", "object_repr": "Sony Playstation 5 Console - Blu-Ray CFI-1118A 01", "action_flag": 1, "change_message": "[{\"added\": {}}]"}}, {"model": "auth.permission", "pk": 1, "fields": {"name": "Can add log entry", "content_type": 1, "codename": "add_logentry"}}, {"model": "auth.permission", "pk": 2, "fields": {"name": "Can change log entry", "content_type": 1, "codename": "change_logentry"}}, {"model": "auth.permission", "pk": 3, "fields": {"name": "Can delete log entry", "content_type": 1, "codename": "delete_logentry"}}, {"model": "auth.permission", "pk": 4, "fields": {"name": "Can view log entry", "content_type": 1, "codename": "view_logentry"}}, {"model": "auth.permission", "pk": 5, "fields": {"name": "Can add permission", "content_type": 2, "codename": "add_permission"}}, {"model": "auth.permission", "pk": 6, "fields": {"name": "Can change permission", "content_type": 2, "codename": "change_permission"}}, {"model": "auth.permission", "pk": 7, "fields": {"name": "Can delete permission", "content_type": 2, "codename": "delete_permission"}}, {"model": "auth.permission", "pk": 8, "fields": {"name": "Can view permission", "content_type": 2, "codename": "view_permission"}}, {"model": "auth.permission", "pk": 9, "fields": {"name": "Can add group", "content_type": 3, "codename": "add_group"}}, {"model": "auth.permission", "pk": 10, "fields": {"name": "Can change group", "content_type": 3, "codename": "change_group"}}, {"model": "auth.permission", "pk": 11, "fields": {"name": "Can delete group", "content_type": 3, "codename": "delete_group"}}, {"model": "auth.permission", "pk": 12, "fields": {"name": "Can view group", "content_type": 3, "codename": "view_group"}}, {"model": "auth.permission", "pk": 13, "fields": {"name": "Can add user", "content_type": 4, "codename": "add_user"}}, {"model": "auth.permission", "pk": 14, "fields": {"name": "Can change user", "content_type": 4, "codename": "change_user"}}, {"model": "auth.permission", "pk": 15, "fields": {"name": "Can delete user", "content_type": 4, "codename": "delete_user"}}, {"model": "auth.permission", "pk": 16, "fields": {"name": "Can view user", "content_type": 4, "codename": "view_user"}}, {"model": "auth.permission", "pk": 17, "fields": {"name": "Can add content type", "content_type": 5, "codename": "add_contenttype"}}, {"model": "auth.permission", "pk": 18, "fields": {"name": "Can change content type", "content_type": 5, "codename": "change_contenttype"}}, {"model": "auth.permission", "pk": 19, "fields": {"name": "Can delete content type", "content_type": 5, "codename": "delete_contenttype"}}, {"model": "auth.permission", "pk": 20, "fields": {"name": "Can view content type", "content_type": 5, "codename": "view_contenttype"}}, {"model": "auth.permission", "pk": 21, "fields": {"name": "Can add session", "content_type": 6, "codename": "add_session"}}, {"model": "auth.permission", "pk": 22, "fields": {"name": "Can change session", "content_type": 6, "codename": "change_session"}}, {"model": "auth.permission", "pk": 23, "fields": {"name": "Can delete session", "content_type": 6, "codename": "delete_session"}}, {"model": "auth.permission", "pk": 24, "fields": {"name": "Can view session", "content_type": 6, "codename": "view_session"}}, {"model": "auth.permission", "pk": 25, "fields": {"name": "Can add product", "content_type": 7, "codename": "add_product"}}, {"model": "auth.permission", "pk": 26, "fields": {"name": "Can change product", "content_type": 7, "codename": "change_product"}}, {"model": "auth.permission", "pk": 27, "fields": {"name": "Can delete product", "content_type": 7, "codename": "delete_product"}}, {"model": "auth.permission", "pk": 28, "fields": {"name": "Can view product", "content_type": 7, "codename": "view_product"}}, {"model": "auth.permission", "pk": 29, "fields": {"name": "Can add order item", "content_type": 8, "codename": "add_orderitem"}}, {"model": "auth.permission", "pk": 30, "fields": {"name": "Can change order item", "content_type": 8, "codename": "change_orderitem"}}, {"model": "auth.permission", "pk": 31, "fields": {"name": "Can delete order item", "content_type": 8, "codename": "delete_orderitem"}}, {"model": "auth.permission", "pk": 32, "fields": {"name": "Can view order item", "content_type": 8, "codename": "view_orderitem"}}, {"model": "auth.permission", "pk": 33, "fields": {"name": "Can add order", "content_type": 9, "codename": "add_order"}}, {"model": "auth.permission", "pk": 34, "fields": {"name": "Can change order", "content_type": 9, "codename": "change_order"}}, {"model": "auth.permission", "pk": 35, "fields": {"name": "Can delete order", "content_type": 9, "codename": "delete_order"}}, {"model": "auth.permission", "pk": 36, "fields": {"name": "Can view order", "content_type": 9, "codename": "view_order"}}, {"model": "auth.permission", "pk": 37, "fields": {"name": "Can add review", "content_type": 10, "codename": "add_review"}}, {"model": "auth.permission", "pk": 38, "fields": {"name": "Can change review", "content_type": 10, "codename": "change_review"}}, {"model": "auth.permission", "pk": 39, "fields": {"name": "Can delete review", "content_type": 10, "codename": "delete_review"}}, {"model": "auth.permission", "pk": 40, "fields": {"name": "Can view review", "content_type": 10, "codename": "view_review"}}, {"model": "auth.permission", "pk": 41, "fields": {"name": "Can add shipping address", "content_type": 11, "codename": "add_shippingaddress"}}, {"model": "auth.permission", "pk": 42, "fields": {"name": "Can change shipping address", "content_type": 11, "codename": "change_shippingaddress"}}, {"model": "auth.permission", "pk": 43, "fields": {"name": "Can delete shipping address", "content_type": 11, "codename": "delete_shippingaddress"}}, {"model": "auth.permission", "pk": 44, "fields": {"name": "Can view shipping address", "content_type": 11, "codename": "view_shippingaddress"}}, {"model": "auth.user", "pk": 1, "fields": {"password": "pbkdf2_sha256$390000$qNwzF0SXsaU3umPJC3TUVJ$N3KniRSJPcT80ksneiGA1BClVM+sYHsmxJkQRlxyofg=", "last_login": "2022-10-16T14:10:50Z", "is_superuser": true, "username": "kendrickwinata@outlook.com", "first_name": "", "last_name": "", "email": "kendrickwinata@outlook.com", "is_staff": true, "is_active": true, "date_joined": "2022-10-16T14:09:54Z", "groups": [], "user_permissions": []}}, {"model": "auth.user", "pk": 2, "fields": {"password": "pbkdf2_sha256$390000$gGgGGxtvTxUKAYbzbom9Vp$OIMxT9aopqER2PHC1zET0KHt1DGA6Fl86mjRY+p144M=", "last_login": null, "is_superuser": true, "username": "test@email.com", "first_name": "Kendrick w", "last_name": "", "email": "test@email.com", "is_staff": true, "is_active": true, "date_joined": "2022-10-21T03:19:02Z", "groups": [], "user_permissions": []}}, {"model": "auth.user", "pk": 3, "fields": {"password": "pbkdf2_sha256$390000$xuBGilvWY1ZgNyhAskTUaf$jUN26z3wHp4ewpM/1vK2XHH0g4oMLXW3HcJKx/rnoVc=", "last_login": null, "is_superuser": false, "username": "notAdmin@email.com", "first_name": "not Admin", "last_name": "", "email": "notAdmin@email.com", "is_staff": false, "is_active": true, "date_joined": "2022-10-21T07:00:10Z", "groups": [], "user_permissions": []}}, {"model": "auth.user", "pk": 4, "fields": {"password": "pbkdf2_sha256$390000$S8ahykVs1Nm9EPmnMdEAw6$XzwB083gXv6TuFf78p7E/v0suE5DkUWuRKKl1GwiT3w=", "last_login": null, "is_superuser": false, "username": "john@email.com", "first_name": "John Doe", "last_name": "", "email": "john@email.com", "is_staff": false, "is_active": true, "date_joined": "2022-10-21T07:36:02.580Z", "groups": [], "user_permissions": []}}, {"model": "auth.user", "pk": 5, "fields": {"password": "pbkdf2_sha256$390000$DC9qJPKvy9ABTOhUMVHoXr$nf2zH6Yb59acF0oVhw6iSmW1ATMJww+raF4qyNqMYZw=", "last_login": null, "is_superuser": false, "username": "kawe@gmail.com", "first_name": "Kawe", "last_name": "test", "email": "kawe@gmail.com", "is_staff": false, "is_active": true, "date_joined": "2022-10-21T07:54:26Z", "groups": [], "user_permissions": []}}, {"model": "auth.user", "pk": 6, "fields": {"password": "pbkdf2_sha256$390000$4koabnoKZbm1fFv9wpzhWf$aKuetwI9NS7eSDnVii41KQOFNoOpQeHE0T5sl0Wm2oI=", "last_login": null, "is_superuser": false, "username": "test1@email.com", "first_name": "test1", "last_name": "", "email": "test1@email.com", "is_staff": false, "is_active": true, "date_joined": "2022-10-21T14:18:53.443Z", "groups": [], "user_permissions": []}}, {"model": "auth.user", "pk": 7, "fields": {"password": "pbkdf2_sha256$390000$XiNRTeS4koCXDVak1gJIvk$Zy3TUTGJpY4SL3wsgm5Uwk+XZdet5b50GWQ6DUUGxEY=", "last_login": null, "is_superuser": false, "username": "test2@email.com", "first_name": "test2", "last_name": "", "email": "test2@email.com", "is_staff": false, "is_active": true, "date_joined": "2022-10-21T14:25:27.201Z", "groups": [], "user_permissions": []}}, {"model": "auth.user", "pk": 8, "fields": {"password": "pbkdf2_sha256$390000$aPvZrDSkzy89WAZaxMQGxz$0wdCiFB5yVQMte9D9WHeI2EPYfXN/1k3UkOKxFcFIhE=", "last_login": null, "is_superuser": false, "username": "test3@email.com", "first_name": "test3", "last_name": "", "email": "test3@email.com", "is_staff": false, "is_active": true, "date_joined": "2022-10-21T14:26:10Z", "groups": [], "user_permissions": []}}, {"model": "auth.user", "pk": 9, "fields": {"password": "pbkdf2_sha256$390000$8iBppKCYdko2KA45JGKHAw$JZpe6YteiSd50rwROqCjm1MZxLP9PpJlIzgdPZTYcRA=", "last_login": null, "is_superuser": false, "username": "test5@email.com", "first_name": "test5", "last_name": "", "email": "test5@email.com", "is_staff": false, "is_active": true, "date_joined": "2022-10-22T06:55:47.162Z", "groups": [], "user_permissions": []}}, {"model": "auth.user", "pk": 10, "fields": {"password": "pbkdf2_sha256$390000$ME4z52lq0RFLVdjNfUwLq4$K8loZnBBURv2WVE1QI583AKOajp+cF+5xxQU2gNRKEI=", "last_login": null, "is_superuser": false, "username": "test6@email.com", "first_name": "test6", "last_name": "", "email": "test6@email.com", "is_staff": false, "is_active": true, "date_joined": "2022-10-22T07:15:09.975Z", "groups": [], "user_permissions": []}}, {"model": "auth.user", "pk": 11, "fields": {"password": "pbkdf2_sha256$390000$970yR3CkY887Jk3jvgIKqk$UgOiLpjSP6O+4PAmBz/5tbHW2iVrSTJ2kTL4xXhNHSM=", "last_login": null, "is_superuser": false, "username": "kawe1@outlook.com", "first_name": "Kendrick", "last_name": "", "email": "kawe1@outlook.com", "is_staff": false, "is_active": true, "date_joined": "2022-10-22T14:01:17Z", "groups": [], "user_permissions": []}}, {"model": "auth.user", "pk": 12, "fields": {"password": "pbkdf2_sha256$390000$jXMiji1zLbGp4v9srIBvU1$QyFasKsitNQ63UVEOadQgFwqao57rI9afSwaollu8M0=", "last_login": null, "is_superuser": false, "username": "pokemon@email.com", "first_name": "Pokeball", "last_name": "", "email": "pokemon@email.com", "is_staff": false, "is_active": true, "date_joined": "2022-10-23T02:56:03.079Z", "groups": [], "user_permissions": []}}, {"model": "auth.user", "pk": 13, "fields": {"password": "pbkdf2_sha256$390000$fF78MZVtqGTYBZxe0Aa5UG$ZVMHHE2e0Rp/ld8QMP5R91uaJnPZ1fB/9+a9yOBIPXk=", "last_login": null, "is_superuser": false, "username": "test11@email.com", "first_name": "test11", "last_name": "", "email": "test11@email.com", "is_staff": false, "is_active": true, "date_joined": "2022-10-23T03:14:27.457Z", "groups": [], "user_permissions": []}}, {"model": "auth.user", "pk": 14, "fields": {"password": "pbkdf2_sha256$390000$LkIKSiHRkgBp4hfQThGrZ1$/G8fn1VdX6v15Brt/BdSvgcQNdcQznultCVaV3sGqko=", "last_login": null, "is_superuser": false, "username": "test12@email.com", "first_name": "test12", "last_name": "", "email": "test12@email.com", "is_staff": false, "is_active": true, "date_joined": "2022-10-23T03:18:47.617Z", "groups": [], "user_permissions": []}}, {"model": "auth.user", "pk": 15, "fields": {"password": "pbkdf2_sha256$390000$3jbE2LsXr6c0P63gJ6IM4z$2Rxc3R4gFCEzfJfPI8zgYKpo8pXxiyKezRaKTV7JId4=", "last_login": null, "is_superuser": false, "username": "test13@email.com", "first_name": "test13", "last_name": "", "email": "test13@email.com", "is_staff": false, "is_active": true, "date_joined": "2022-10-23T03:24:27.081Z", "groups": [], "user_permissions": []}}, {"model": "auth.user", "pk": 16, "fields": {"password": "pbkdf2_sha256$390000$IecDU8ew4erRmUCnAQvXdp$0EOZKfoklrbrx4sfLE3nVupsal+lQqBckReRxbiQFys=", "last_login": null, "is_superuser": false, "username": "test15@email.com", "first_name": "test15", "last_name": "", "email": "test15@email.com", "is_staff": false, "is_active": true, "date_joined": "2022-10-23T03:32:51.074Z", "groups": [], "user_permissions": []}}, {"model": "auth.user", "pk": 17, "fields": {"password": "pbkdf2_sha256$390000$iOS68vnojDR3Kt7GdlmbrU$+baFmxkOYyvoXmkbXwcpPXPe0kXVYNxeAfnIIaZXRaY=", "last_login": null, "is_superuser": false, "username": "pokemon2@email.com", "first_name": "pokeball250", "last_name": "", "email": "pokemon2@email.com", "is_staff": false, "is_active": true, "date_joined": "2022-10-23T03:41:23.541Z", "groups": [], "user_permissions": []}}, {"model": "auth.user", "pk": 18, "fields": {"password": "pbkdf2_sha256$390000$7qnfDySM9AUf43GIFH7KtF$iKH26AdvM0xQmc5TI7h+nP3JV/x2ZjptqScJhsh+Ko8=", "last_login": null, "is_superuser": false, "username": "pokemon3@emai.com", "first_name": "pokeball3", "last_name": "", "email": "pokemon3@emai.com", "is_staff": false, "is_active": true, "date_joined": "2022-10-23T03:47:28.427Z", "groups": [], "user_permissions": []}}, {"model": "auth.user", "pk": 19, "fields": {"password": "pbkdf2_sha256$390000$rceFKL7sVa8L8HhwJbqKZL$Mvp/gum3J7sCG7Tqzs1x+a/4tu4S9FcspZ170gPIVdA=", "last_login": null, "is_superuser": false, "username": "pokemon4@email.com", "first_name": "pokeball4", "last_name": "", "email": "pokemon4@email.com", "is_staff": false, "is_active": true, "date_joined": "2022-10-23T03:50:37.969Z", "groups": [], "user_permissions": []}}, {"model": "auth.user", "pk": 20, "fields": {"password": "pbkdf2_sha256$390000$7A7xE3WKQyWKnc0Q5VH8Oc$vPHY4tccVi0Lgla4gz8tXs5K0oKizvTvhd1vcQfEwS8=", "last_login": null, "is_superuser": false, "username": "pokemon5@email.com", "first_name": "pokeball5", "last_name": "", "email": "pokemon5@email.com", "is_staff": false, "is_active": true, "date_joined": "2022-10-23T04:36:26.905Z", "groups": [], "user_permissions": []}}, {"model": "contenttypes.contenttype", "pk": 1, "fields": {"app_label": "admin", "model": "logentry"}}, {"model": "contenttypes.contenttype", "pk": 2, "fields": {"app_label": "auth", "model": "permission"}}, {"model": "contenttypes.contenttype", "pk": 3, "fields": {"app_label": "auth", "model": "group"}}, {"model": "contenttypes.contenttype", "pk": 4, "fields": {"app_label": "auth", "model": "user"}}, {"model": "contenttypes.contenttype", "pk": 5, "fields": {"app_label": "contenttypes", "model": "contenttype"}}, {"model": "contenttypes.contenttype", "pk": 6, "fields": {"app_label": "sessions", "model": "session"}}, {"model": "contenttypes.contenttype", "pk": 7, "fields": {"app_label": "base", "model": "product"}}, {"model": "contenttypes.contenttype", "pk": 8, "fields": {"app_label": "base", "model": "orderitem"}}, {"model": "contenttypes.contenttype", "pk": 9, "fields": {"app_label": "base", "model": "order"}}, {"model": "contenttypes.contenttype", "pk": 10, "fields": {"app_label": "base", "model": "review"}}, {"model": "contenttypes.contenttype", "pk": 11, "fields": {"app_label": "base", "model": "shippingaddress"}}, {"model": "sessions.session", "pk": "spedkpqj578mo1weyhd8zchbroig47jm", "fields": {"session_data": ".eJxVjMsOwiAURP-FtSFQwEtcuvcbyH2AVA1NSrsy_rtt0oUuZjPnzLxVwnWpae15TqOoi7Lq9NsR8jO3HcgD233SPLVlHknvij5o17dJ8ut6uH8HFXvd1o7PJnJkIEccAnpmMBC3DEGArRMr2YMwAmZfWNgVMuiDDFioWPX5AvR3OQ8:1ok4Lq:0qP9nKfdxwsaYdHMvCb7u86pIF3nPzXUTl9JXoqhJgM", "expire_date": "2022-10-30T14:10:50.580Z"}}, {"model": "base.product", "pk": 1, "fields": {"user": 1, "name": "Airpods Wireless Bluetooth Headphones", "image": "airpod_pro.jpg", "brand": "Apple", "category": "Earphone", "description": "Bluetooth technology lets you connect it with compatible devices wirelessly High-quality AAC audio offers immersive listening experience Built-in microphone allows you to take calls while working", "rating": "4.00", "numReviews": 12, "price": "250.00", "countInStock": 98, "createdAt": "2022-10-16T14:58:04.062Z"}}, {"model": "base.product", "pk": 3, "fields": {"user": null, "name": "ASUS ROG Zephyrus G14 14\"", "image": "ASUS_ROG_.jpg", "brand": "ASUS", "category": "Laptop", "description": "2.9GHz AMD Ryzen 7 8-Core Processor (Up to 4.2GHz)\r\n16GB RAM, 1TB PCIe SSD Storage, NVIDIA GeForce GTX 1650 Graphics (4GB GDDR6)\r\n14 Inch 120Hz Full HD Display (1920 x 1080) Thin Bezel, VR Ready\r\nWindows 10 Home, 10 Hour Battery Life, Backlit Keyboard, Wi-Fi 6 802.11ax, Bluetooth 5.0\r\nPorts and Slots: 1 x HDMI; 1 x USB Type-C, 2 x USB Type-A, 1 x USB Type-C 3.2 with Power Delivery, 1 x Display Port and G-Sync; 1 x Audio Jack", "rating": "4.50", "numReviews": 25, "price": "1880.00", "countInStock": 98, "createdAt": "2022-10-28T02:31:44.065Z"}}, {"model": "base.product", "pk": 4, "fields": {"user": null, "name": "Dell XPS7390 13\" InfinityEdge Touchscreen Laptop", "image": "Dell.jpg", "brand": "Dell", "category": "Laptop", "description": "13.3\" Touchscreen InfinityEdge Full HD (1920 x 1080) Display, Intel UHD Graphics\r\n10th Gen Intel Core i5-10210U Processor, 8GB RAM, 256GB PCIe NVMe M.2 SSD\r\n2x Thunderbolt 3 with PowerDelivery & Display Port, 1x USB-C 3.1, 1x MicroSD Card Reader\r\nBacklit Keyboard, Fingerprint Reader, Stereo Speakers with MaxxAudio Pro", "rating": "4.50", "numReviews": 45, "price": "1640.00", "countInStock": 100, "createdAt": "2022-10-28T02:33:52.790Z"}}, {"model": "base.product", "pk": 6, "fields": {"user": null, "name": "Apple iPhone 14 Pro (256 GB) - Space Black", "image": "iphone.jpg", "brand": "Apple", "category": "Mobile phone", "description": "6.1-inch Super Retina XDR display featuring Always-On and ProMotion\r\nDynamic Island, a magical new way to interact with iPhone\r\n48MP Main camera for up to 4x greater resolution\r\nCinematic mode now in 4K Dolby Vision up to 30 fps\r\nAction mode for smooth, steady, handheld videos\r\nVital safety features—Emergency SOS via satellite and Crash Detection\r\nAll-day battery life and up to 23 hours of video playback", "rating": "5.00", "numReviews": 55, "price": "1820.00", "countInStock": 50, "createdAt": "2022-10-28T03:09:17.585Z"}}, {"model": "base.product", "pk": 7, "fields": {"user": null, "name": "HP ZBook Firefly G8 14\" Touchscreen", "image": "hpzenbook.jpg", "brand": "HP", "category": "Laptop", "description": "Processor Manufacturer: Intel\r\nProcessor Type: Core i7\r\nProcessor Generation: 11th Gen\r\nProcessor Model: i7-1165G7\r\nProcessor Core: Quad-core (4 Core)", "rating": "4.00", "numReviews": 20, "price": "2470.00", "countInStock": 79, "createdAt": "2022-10-28T03:15:20.858Z"}}, {"model": "base.product", "pk": 8, "fields": {"user": null, "name": "Apple AirTag", "image": "airtag.jpg", "brand": "Apple", "category": "Electronics", "description": "Keep track of and find your items alongside friends and devices in the Find My app\r\nSimple one-tap setup instantly connects AirTag with your iPhone or iPad\r\nPlay a sound on the built-in speaker to help find your things, or just ask Siri for help\r\nPrecision Finding with Ultra Wideband technology leads you right to your nearby AirTag (on select iPhone models)\r\nFind items farther away with the help of hundreds of millions of Apple devices in the Find My network\r\nPut AirTag into Lost Mode to be automatically notified when it’s detected in the Find My network\r\nAll communication with the Find My network is anonymous and encrypted for privacy\r\nLocation data and history are never stored on AirTag\r\nReplaceable battery lasts over a year \r\nAirTag is IP67 water and dust resistant", "rating": "3.50", "numReviews": 25, "price": "40.00", "countInStock": 66, "createdAt": "2022-10-28T06:33:29.045Z"}}, {"model": "base.product", "pk": 9, "fields": {"user": null, "name": "Sony WF-1000XM4 Wireless Noise Cancelling Headphones - Black", "image": "sony_earbud.jpg", "brand": "Sony", "category": "Earphone", "description": "Industry-leading noise cancellation\r\nWorld's First Truly Wireless headphone with Hi-res Audio Wireless and LDAC\r\nSmart feature - Speak-to-Chat\r\nPrecise Voice Pickup technology for clear hands-free call\r\nIPX4 rating for all weather listening. Frequency response(Bluetooth communication): 20Hz - 20,000Hz(44.1kHz sampling) / 20Hz - 40,000Hz(LDAC 96kHz sampling, 990kbps)", "rating": "4.00", "numReviews": 13, "price": "38.00", "countInStock": 24, "createdAt": "2022-10-28T06:35:00.405Z"}}, {"model": "base.product", "pk": 10, "fields": {"user": null, "name": "Logitech MX Master 3 Advanced Wireless Mouse", "image": "mouselogitceth.jpg", "brand": "Logitech", "category": "Mouse", "description": "Ultra-fast magspeed scrolling - Remarkable speed, precision and quietness of electromagnetic scrolling with all new magspeed wheel - up to 90% faster, 87% more precise and ultra-quiet\r\nComfort shape and intuitive controls - Work comfortably with perfectly sculpted shape and ideally placed thumb wheel and controls\r\nApp-specific customizations - Speed up your workflow with predefined app-specific profiles and numerous customization options. Advanced 2.4 GHz wireless technology\r\nFlow cross-computer control - Work seamlessly on three computers. Seamlessly transfer cursor, text, and files - between windows and macOS, desktop and laptop\r\nWorks on any surface even on glass with dark field 4000 DPI sensor. It is faster and 5x more precise than the basic mouse - so you always hit the right Pixel\r\nUSB-c rechargeable - Full charge lasts up-to 70 days, quick 1 min charge gives 3 hrs of use\r\nMulti-device and multi-OS - Connect the way you want up to 3 devices via Bluetooth or the included USB receiver on windows, Mac or Linux\r\n1 year limited hardware warranty", "rating": "4.00", "numReviews": 14, "price": "112.40", "countInStock": 40, "createdAt": "2022-10-28T06:37:12.637Z"}}, {"model": "base.product", "pk": 11, "fields": {"user": null, "name": "Marshall Stanmore II Bluetooth Speaker", "image": "marshall.jpg", "brand": "Marshall", "category": "Speaker", "description": "Larger than life sound it's perfect for any room big or small Built with advanced components It produces clean and precise Audio even at the highest levels\r\nWirelessly connect with Bluetooth 5 0 Bluetooth 5 0 aptX technology provides lossless wireless sound at a range of up to 30 feet while maintaining connectivity\r\nCustomize your sound Use the Marshall Bluetooth app or the analogue controls on your speaker's top panel to perfect your sound according to the room you're in\r\nWired connectivity there are more ways to connect than just Bluetooth 5 0 Plug into the RCA or 3 5mm input for an analogue listening experience\r\nMulti-host functionality This speaker features multi-host functionality so you can easily connect and switch between two Bluetooth devices.Iconic design Frequency Range 50–20 000 Hz.included_components Stanmore II Bluetooth Speaker User Manual 80 0 output_wattage", "rating": "5.00", "numReviews": 57, "price": "530.00", "countInStock": 100, "createdAt": "2022-10-28T11:21:35.737Z"}}, {"model": "base.product", "pk": 12, "fields": {"user": null, "name": "Divoom Ditoo Pixel Art Gaming Portable Bluetooth Speaker", "image": "pixel_art.jpg", "brand": "Divoom", "category": "Speaker", "description": "10W DSP Bluetooth Speaker - The Divoom Ditoo portable Bluetooth speaker with 10w high-performance drivers, makes it pump out more volume; comes with the unique DSP bass boost mode, plays your music with no distortion, even at maximum volume, perfect speaker for any room", "rating": "3.50", "numReviews": 51, "price": "100.00", "countInStock": 99, "createdAt": "2022-10-28T11:24:59.761Z"}}, {"model": "base.product", "pk": 13, "fields": {"user": null, "name": "Apple AirPods Max - Silver", "image": "airpod_max.jpg", "brand": "Apple", "category": "Headphone", "description": "Apple-designed dynamic driver provides high-fidelity audio\r\nActive Noise Cancellation blocks outside noise, so you can immerse yourself in music\r\nTransparency mode for hearing and interacting with the world around you\r\nSpatial audio with dynamic head tracking provides theater-like sound that surrounds you\r\nComputational audio combines custom acoustic design with the Apple H1 chip and software for breakthrough listening experiences\r\nDesigned with a knit-mesh canopy and memory foam ear cushions for an exceptional fit\r\nMagical experience with effortless setup, on-head detection and seamless switching between devices", "rating": "5.00", "numReviews": 450, "price": "760.00", "countInStock": 100, "createdAt": "2022-10-28T11:27:35.559Z"}}, {"model": "base.product", "pk": 14, "fields": {"user": null, "name": "Apple Magic Trackpad", "image": "magic_trackpad.jpg", "brand": "Apple", "category": "Trackpad", "description": "Magic Trackpad 2 is rechargeable with a built-in battery and brings Force Touch to the desktop for the first time.\r\nFour force sensors underneath the trackpad surface allow you to click anywhere and detect subtle differences in the amount of pressure you apply, bringing increased functionality to your fingertips and enabling a deeper connection to your content.\r\nMagic Trackpad 2 also features an edge- to-edge glass surface area that is nearly 30 per cent larger than the previous trackpad. This design, along with a lower profile, makes scrolling and swiping through your favourite content more productive and comfortable than ever.", "rating": "5.00", "numReviews": 158, "price": "169.00", "countInStock": 50, "createdAt": "2022-10-28T11:30:22.980Z"}}, {"model": "base.product", "pk": 15, "fields": {"user": null, "name": "GuliKit Kingkong 2 Pro Controller with Hall Effect Sensing Joystick for Switch", "image": "joystick.jpg", "brand": "GuliKit", "category": "Joystick", "description": "GuliKit KingKong 2 Pro is the first wireless controller, which is designed with hall sensor joystick. New Patented Electromagnetic Stick without any drift. Exclusive FPS mode: 100% No Dead Zone. Supported stick sensitivity adjustment and special steel ring on stick gives you a smooth gaming feeling.", "rating": "4.00", "numReviews": 24, "price": "139.50", "countInStock": 67, "createdAt": "2022-10-28T11:32:52.693Z"}}, {"model": "base.product", "pk": 16, "fields": {"user": null, "name": "Apple Watch Series 8 GPS 41-mm Starlight Aluminium Case with Starlight Sport Band", "image": "apple_watch.jpg", "brand": "Apple", "category": "Watch", "description": "Temperature sensor provides retrospective ovulation estimates and advanced cycle tracking features\r\nMeasure your blood oxygen with a powerful sensor and app\r\nTake an ECG anytime, anywhere\r\nGet high and low heart rate, and irregular rhythm notifications", "rating": "5.00", "numReviews": 358, "price": "599.00", "countInStock": 56, "createdAt": "2022-10-28T11:34:47.175Z"}}, {"model": "base.product", "pk": 17, "fields": {"user": null, "name": "DJI Mini SE - Camera Drone with 3-Axis Gimbal, 2.7K Camera", "image": "51TEcohAqHS._AC_UL320_.jpg", "brand": "DJI", "category": "Drone", "description": "Light as a Smartphone - Weighing less than 0 55lbs / 249 grams, DJI Mini SE is roughly the same weight as the smartphone. In the United States and Canada, you can fly this camera drone without the need to register your drone with the local government.\r\nCapture on the Go - The lightweight and powerful DJI Mini SE camera drone is the ideal for creators on the move. The ultra-portable design allows you to effortlessly capture moments in unforgettable ways.\r\nMore Time in the Sky - DJI Mini SE's weight allows it to stay in the air longer than similar consumer drones on the market. Enjoy up to 30 minutes of flight time with a fully-charged battery.", "rating": "4.70", "numReviews": 178, "price": "800.00", "countInStock": 99, "createdAt": "2022-10-28T11:36:45.647Z"}}, {"model": "base.product", "pk": 18, "fields": {"user": null, "name": "Sony Playstation 5 Console - Blu-Ray CFI-1118A 01", "image": "ps5.jpg", "brand": "Sony", "category": "Game", "description": "Lightning speed - Harness the power of a custom CPU, GPU, and SSD with Integrated I/O\r\nUltra-High Speed SSD - Maximize your play sessions with near instant load times\r\nIntegrated I/O - Allows creators to pull data from the SSD so quickly that they can design games in ways never before possible", "rating": "5.00", "numReviews": 569, "price": "1266.00", "countInStock": 6, "createdAt": "2022-10-28T11:41:14.091Z"}}, {"model": "base.order", "pk": 1, "fields": {"user": 17, "paymentMethod": "Paypal", "taxPrice": null, "shippingPrice": "10.00", "totalPrice": "65.00", "isPaid": false, "paidAt": null, "isDelivered": false, "deliveredAt": null, "createdAt": null}}, {"model": "base.order", "pk": 2, "fields": {"user": 20, "paymentMethod": "PayPal", "taxPrice": null, "shippingPrice": "10.00", "totalPrice": "80.00", "isPaid": false, "paidAt": null, "isDelivered": false, "deliveredAt": null, "createdAt": null}}, {"model": "base.order", "pk": 3, "fields": {"user": 20, "paymentMethod": "PayPal", "taxPrice": null, "shippingPrice": "10.00", "totalPrice": "80.00", "isPaid": false, "paidAt": null, "isDelivered": false, "deliveredAt": null, "createdAt": "2022-10-26T14:28:05.350Z"}}, {"model": "base.order", "pk": 4, "fields": {"user": 20, "paymentMethod": "PayPal", "taxPrice": null, "shippingPrice": "10.00", "totalPrice": "80.00", "isPaid": false, "paidAt": null, "isDelivered": false, "deliveredAt": null, "createdAt": "2022-10-26T14:36:33.550Z"}}, {"model": "base.order", "pk": 5, "fields": {"user": 20, "paymentMethod": "PayPal", "taxPrice": null, "shippingPrice": "10.00", "totalPrice": "80.00", "isPaid": false, "paidAt": null, "isDelivered": false, "deliveredAt": null, "createdAt": "2022-10-26T14:45:21.356Z"}}, {"model": "base.order", "pk": 6, "fields": {"user": 20, "paymentMethod": "PayPal", "taxPrice": null, "shippingPrice": "10.00", "totalPrice": "10.00", "isPaid": false, "paidAt": null, "isDelivered": false, "deliveredAt": null, "createdAt": "2022-10-26T14:50:51.703Z"}}, {"model": "base.order", "pk": 7, "fields": {"user": 20, "paymentMethod": "PayPal", "taxPrice": null, "shippingPrice": "10.00", "totalPrice": "26.00", "isPaid": false, "paidAt": null, "isDelivered": false, "deliveredAt": null, "createdAt": "2022-10-26T14:57:59.297Z"}}, {"model": "base.order", "pk": 8, "fields": {"user": 20, "paymentMethod": "PayPal", "taxPrice": null, "shippingPrice": "10.00", "totalPrice": "25.00", "isPaid": false, "paidAt": null, "isDelivered": false, "deliveredAt": null, "createdAt": "2022-10-26T15:06:38.719Z"}}, {"model": "base.order", "pk": 9, "fields": {"user": 20, "paymentMethod": "PayPal", "taxPrice": null, "shippingPrice": "10.00", "totalPrice": "26.00", "isPaid": false, "paidAt": null, "isDelivered": false, "deliveredAt": null, "createdAt": "2022-10-26T15:10:19.497Z"}}, {"model": "base.order", "pk": 10, "fields": {"user": 20, "paymentMethod": "PayPal", "taxPrice": null, "shippingPrice": "10.00", "totalPrice": "26.00", "isPaid": false, "paidAt": null, "isDelivered": false, "deliveredAt": null, "createdAt": "2022-10-26T15:13:00.196Z"}}, {"model": "base.order", "pk": 11, "fields": {"user": 20, "paymentMethod": "PayPal", "taxPrice": null, "shippingPrice": "10.00", "totalPrice": "10.00", "isPaid": false, "paidAt": null, "isDelivered": false, "deliveredAt": null, "createdAt": "2022-10-26T15:13:04.219Z"}}, {"model": "base.order", "pk": 12, "fields": {"user": 20, "paymentMethod": "PayPal", "taxPrice": null, "shippingPrice": "10.00", "totalPrice": "11.00", "isPaid": false, "paidAt": null, "isDelivered": false, "deliveredAt": null, "createdAt": "2022-10-26T15:14:07.949Z"}}, {"model": "base.order", "pk": 13, "fields": {"user": 20, "paymentMethod": "PayPal", "taxPrice": null, "shippingPrice": "10.00", "totalPrice": "11.00", "isPaid": false, "paidAt": null, "isDelivered": false, "deliveredAt": null, "createdAt": "2022-10-26T16:29:00.851Z"}}, {"model": "base.order", "pk": 14, "fields": {"user": 20, "paymentMethod": "PayPal", "taxPrice": null, "shippingPrice": "10.00", "totalPrice": "26.00", "isPaid": false, "paidAt": null, "isDelivered": false, "deliveredAt": null, "createdAt": "2022-10-26T16:56:08.802Z"}}, {"model": "base.order", "pk": 15, "fields": {"user": 20, "paymentMethod": "PayPal", "taxPrice": null, "shippingPrice": "10.00", "totalPrice": "25.00", "isPaid": false, "paidAt": null, "isDelivered": false, "deliveredAt": null, "createdAt": "2022-10-26T17:59:26.896Z"}}, {"model": "base.order", "pk": 16, "fields": {"user": 20, "paymentMethod": "PayPal", "taxPrice": null, "shippingPrice": "10.00", "totalPrice": "26.00", "isPaid": false, "paidAt": null, "isDelivered": false, "deliveredAt": null, "createdAt": "2022-10-26T18:01:29.555Z"}}, {"model": "base.order", "pk": 17, "fields": {"user": 20, "paymentMethod": "PayPal", "taxPrice": null, "shippingPrice": "10.00", "totalPrice": "40.00", "isPaid": false, "paidAt": null, "isDelivered": false, "deliveredAt": null, "createdAt": "2022-10-26T18:05:15.588Z"}}, {"model": "base.order", "pk": 18, "fields": {"user": 20, "paymentMethod": "PayPal", "taxPrice": null, "shippingPrice": "10.00", "totalPrice": "11.00", "isPaid": false, "paidAt": null, "isDelivered": false, "deliveredAt": null, "createdAt": "2022-10-26T18:06:09.024Z"}}, {"model": "base.order", "pk": 19, "fields": {"user": 20, "paymentMethod": "PayPal", "taxPrice": null, "shippingPrice": "10.00", "totalPrice": "11.00", "isPaid": false, "paidAt": null, "isDelivered": false, "deliveredAt": null, "createdAt": "2022-10-26T18:06:55.329Z"}}, {"model": "base.order", "pk": 20, "fields": {"user": 20, "paymentMethod": "PayPal", "taxPrice": null, "shippingPrice": "3.00", "totalPrice": "94.00", "isPaid": false, "paidAt": null, "isDelivered": false, "deliveredAt": null, "createdAt": "2022-10-27T12:53:30.964Z"}}, {"model": "base.order", "pk": 21, "fields": {"user": 20, "paymentMethod": "PayPal", "taxPrice": null, "shippingPrice": "3.00", "totalPrice": "4.00", "isPaid": true, "paidAt": null, "isDelivered": false, "deliveredAt": null, "createdAt": "2022-10-27T13:00:34.814Z"}}, {"model": "base.order", "pk": 22, "fields": {"user": 20, "paymentMethod": "PayPal", "taxPrice": null, "shippingPrice": "3.00", "totalPrice": "68.00", "isPaid": true, "paidAt": "2022-10-27T14:24:08Z", "isDelivered": false, "deliveredAt": null, "createdAt": "2022-10-27T13:19:41.883Z"}}, {"model": "base.order", "pk": 23, "fields": {"user": 20, "paymentMethod": "PayPal", "taxPrice": null, "shippingPrice": "3.00", "totalPrice": "26.00", "isPaid": false, "paidAt": null, "isDelivered": false, "deliveredAt": null, "createdAt": "2022-10-27T15:31:32.494Z"}}, {"model": "base.order", "pk": 24, "fields": {"user": 20, "paymentMethod": "PayPal", "taxPrice": null, "shippingPrice": "3.00", "totalPrice": "57.00", "isPaid": false, "paidAt": null, "isDelivered": false, "deliveredAt": null, "createdAt": "2022-10-27T15:32:18.165Z"}}, {"model": "base.order", "pk": 25, "fields": {"user": 20, "paymentMethod": "PayPal", "taxPrice": null, "shippingPrice": "3.00", "totalPrice": "57.00", "isPaid": false, "paidAt": null, "isDelivered": false, "deliveredAt": null, "createdAt": "2022-10-27T15:34:01.329Z"}}, {"model": "base.order", "pk": 26, "fields": {"user": 20, "paymentMethod": "PayPal", "taxPrice": null, "shippingPrice": "3.00", "totalPrice": "57.00", "isPaid": false, "paidAt": null, "isDelivered": false, "deliveredAt": null, "createdAt": "2022-10-27T15:38:16.573Z"}}, {"model": "base.order", "pk": 27, "fields": {"user": 20, "paymentMethod": "PayPal", "taxPrice": null, "shippingPrice": "3.00", "totalPrice": "57.00", "isPaid": false, "paidAt": null, "isDelivered": false, "deliveredAt": null, "createdAt": "2022-10-27T15:41:14.911Z"}}, {"model": "base.order", "pk": 28, "fields": {"user": 20, "paymentMethod": "PayPal", "taxPrice": null, "shippingPrice": "3.00", "totalPrice": "19.00", "isPaid": false, "paidAt": null, "isDelivered": false, "deliveredAt": null, "createdAt": "2022-10-27T15:41:48.614Z"}}, {"model": "base.order", "pk": 29, "fields": {"user": 20, "paymentMethod": "", "taxPrice": null, "shippingPrice": "3.00", "totalPrice": "3.00", "isPaid": false, "paidAt": null, "isDelivered": false, "deliveredAt": null, "createdAt": "2022-10-27T15:47:39.133Z"}}, {"model": "base.order", "pk": 30, "fields": {"user": 20, "paymentMethod": "PayPal", "taxPrice": null, "shippingPrice": "3.00", "totalPrice": "22.00", "isPaid": false, "paidAt": null, "isDelivered": false, "deliveredAt": null, "createdAt": "2022-10-27T15:48:27.252Z"}}, {"model": "base.order", "pk": 31, "fields": {"user": 20, "paymentMethod": "PayPal", "taxPrice": null, "shippingPrice": "3.00", "totalPrice": "4.00", "isPaid": false, "paidAt": null, "isDelivered": false, "deliveredAt": null, "createdAt": "2022-10-27T15:50:51.091Z"}}, {"model": "base.order", "pk": 32, "fields": {"user": 20, "paymentMethod": "PayPal", "taxPrice": null, "shippingPrice": "3.00", "totalPrice": "4.00", "isPaid": false, "paidAt": null, "isDelivered": false, "deliveredAt": null, "createdAt": "2022-10-27T15:52:05.851Z"}}, {"model": "base.order", "pk": 33, "fields": {"user": 20, "paymentMethod": "PayPal", "taxPrice": null, "shippingPrice": "3.00", "totalPrice": "4.00", "isPaid": false, "paidAt": null, "isDelivered": false, "deliveredAt": null, "createdAt": "2022-10-27T15:53:54.409Z"}}, {"model": "base.order", "pk": 34, "fields": {"user": 20, "paymentMethod": "PayPal", "taxPrice": null, "shippingPrice": "3.00", "totalPrice": "4.00", "isPaid": false, "paidAt": null, "isDelivered": false, "deliveredAt": null, "createdAt": "2022-10-27T15:53:57.224Z"}}, {"model": "base.order", "pk": 35, "fields": {"user": 20, "paymentMethod": "PayPal", "taxPrice": null, "shippingPrice": "3.00", "totalPrice": "4.00", "isPaid": false, "paidAt": null, "isDelivered": false, "deliveredAt": null, "createdAt": "2022-10-27T15:54:35.694Z"}}, {"model": "base.order", "pk": 36, "fields": {"user": 20, "paymentMethod": "PayPal", "taxPrice": null, "shippingPrice": "3.00", "totalPrice": "5.00", "isPaid": false, "paidAt": null, "isDelivered": false, "deliveredAt": null, "createdAt": "2022-10-27T15:58:07.137Z"}}, {"model": "base.order", "pk": 37, "fields": {"user": 20, "paymentMethod": "PayPal", "taxPrice": null, "shippingPrice": "3.00", "totalPrice": "18.00", "isPaid": false, "paidAt": null, "isDelivered": false, "deliveredAt": null, "createdAt": "2022-10-27T15:59:55.224Z"}}, {"model": "base.order", "pk": 38, "fields": {"user": 20, "paymentMethod": "PayPal", "taxPrice": null, "shippingPrice": "3.00", "totalPrice": "18.00", "isPaid": false, "paidAt": null, "isDelivered": false, "deliveredAt": null, "createdAt": "2022-10-27T16:04:38.797Z"}}, {"model": "base.order", "pk": 39, "fields": {"user": 20, "paymentMethod": "PayPal", "taxPrice": null, "shippingPrice": "3.00", "totalPrice": "18.00", "isPaid": false, "paidAt": null, "isDelivered": false, "deliveredAt": null, "createdAt": "2022-10-27T16:05:04.015Z"}}, {"model": "base.order", "pk": 40, "fields": {"user": 20, "paymentMethod": "PayPal", "taxPrice": null, "shippingPrice": "3.00", "totalPrice": "19.00", "isPaid": false, "paidAt": null, "isDelivered": false, "deliveredAt": null, "createdAt": "2022-10-28T01:42:40.300Z"}}, {"model": "base.order", "pk": 41, "fields": {"user": 20, "paymentMethod": "PayPal", "taxPrice": null, "shippingPrice": "3.00", "totalPrice": "19.00", "isPaid": false, "paidAt": null, "isDelivered": false, "deliveredAt": null, "createdAt": "2022-10-28T02:02:33.867Z"}}, {"model": "base.order", "pk": 42, "fields": {"user": 20, "paymentMethod": "PayPal", "taxPrice": null, "shippingPrice": "3.00", "totalPrice": "4.00", "isPaid": false, "paidAt": null, "isDelivered": false, "deliveredAt": null, "createdAt": "2022-10-28T02:13:36.790Z"}}, {"model": "base.order", "pk": 43, "fields": {"user": 20, "paymentMethod": "PayPal", "taxPrice": null, "shippingPrice": "3.00", "totalPrice": "18.00", "isPaid": false, "paidAt": null, "isDelivered": false, "deliveredAt": null, "createdAt": "2022-10-28T02:14:39.825Z"}}, {"model": "base.order", "pk": 44, "fields": {"user": 20, "paymentMethod": "PayPal", "taxPrice": null, "shippingPrice": "3.00", "totalPrice": "4.00", "isPaid": false, "paidAt": null, "isDelivered": false, "deliveredAt": null, "createdAt": "2022-10-28T02:16:45.001Z"}}, {"model": "base.order", "pk": 45, "fields": {"user": 20, "paymentMethod": "PayPal", "taxPrice": null, "shippingPrice": "3.00", "totalPrice": "19.00", "isPaid": false, "paidAt": null, "isDelivered": false, "deliveredAt": null, "createdAt": "2022-10-28T02:16:56.680Z"}}, {"model": "base.order", "pk": 46, "fields": {"user": 17, "paymentMethod": "PayPal", "taxPrice": null, "shippingPrice": "3.00", "totalPrice": "64.00", "isPaid": false, "paidAt": null, "isDelivered": false, "deliveredAt": null, "createdAt": "2022-10-28T02:21:23.640Z"}}, {"model": "base.order", "pk": 47, "fields": {"user": 2, "paymentMethod": "PayPal", "taxPrice": null, "shippingPrice": "3.00", "totalPrice": "109.00", "isPaid": true, "paidAt": "2022-10-29T00:47:52.200Z", "isDelivered": false, "deliveredAt": null, "createdAt": "2022-10-28T02:23:22.754Z"}}, {"model": "base.order", "pk": 48, "fields": {"user": 2, "paymentMethod": "PayPal", "taxPrice": null, "shippingPrice": "3.00", "totalPrice": "79.00", "isPaid": true, "paidAt": "2022-10-29T00:07:02.543Z", "isDelivered": false, "deliveredAt": null, "createdAt": "2022-10-28T02:23:52.303Z"}}, {"model": "base.order", "pk": 49, "fields": {"user": 2, "paymentMethod": "PayPal", "taxPrice": null, "shippingPrice": "3.00", "totalPrice": "5403.00", "isPaid": true, "paidAt": "2022-10-28T13:38:59.104Z", "isDelivered": false, "deliveredAt": null, "createdAt": "2022-10-28T11:55:57.207Z"}}, {"model": "base.order", "pk": 50, "fields": {"user": 2, "paymentMethod": "PayPal", "taxPrice": null, "shippingPrice": "3.00", "totalPrice": "1921.00", "isPaid": true, "paidAt": "2022-10-28T23:58:10.137Z", "isDelivered": false, "deliveredAt": null, "createdAt": "2022-10-28T13:03:04.986Z"}}, {"model": "base.order", "pk": 51, "fields": {"user": 2, "paymentMethod": "PayPal", "taxPrice": null, "shippingPrice": "3.00", "totalPrice": "353.00", "isPaid": false, "paidAt": null, "isDelivered": false, "deliveredAt": null, "createdAt": "2022-10-29T00:49:58.333Z"}}, {"model": "base.orderitem", "pk": 1, "fields": {"product": 1, "order": 2, "name": "Airpods Wireless Bluetooth Headphones", "qty": 10, "price": "1.00", "image": "/images/airpods.jpg"}}, {"model": "base.orderitem", "pk": 2, "fields": {"product": null, "order": 2, "name": "Camera", "qty": 4, "price": "15.00", "image": "/images/camera.jpg"}}, {"model": "base.orderitem", "pk": 3, "fields": {"product": 1, "order": 3, "name": "Airpods Wireless Bluetooth Headphones", "qty": 10, "price": "1.00", "image": "/images/airpods.jpg"}}, {"model": "base.orderitem", "pk": 4, "fields": {"product": null, "order": 3, "name": "Camera", "qty": 4, "price": "15.00", "image": "/images/camera.jpg"}}, {"model": "base.orderitem", "pk": 5, "fields": {"product": 1, "order": 4, "name": "Airpods Wireless Bluetooth Headphones", "qty": 10, "price": "1.00", "image": "/images/airpods.jpg"}}, {"model": "base.orderitem", "pk": 6, "fields": {"product": null, "order": 4, "name": "Camera", "qty": 4, "price": "15.00", "image": "/images/camera.jpg"}}, {"model": "base.orderitem", "pk": 7, "fields": {"product": 1, "order": 5, "name": "Airpods Wireless Bluetooth Headphones", "qty": 10, "price": "1.00", "image": "/images/airpods.jpg"}}, {"model": "base.orderitem", "pk": 8, "fields": {"product": null, "order": 5, "name": "Camera", "qty": 4, "price": "15.00", "image": "/images/camera.jpg"}}, {"model": "base.orderitem", "pk": 9, "fields": {"product": null, "order": 7, "name": "Camera", "qty": 1, "price": "15.00", "image": "/images/camera.jpg"}}, {"model": "base.orderitem", "pk": 10, "fields": {"product": 1, "order": 7, "name": "Airpods Wireless Bluetooth Headphones", "qty": 1, "price": "1.00", "image": "/images/airpods.jpg"}}, {"model": "base.orderitem", "pk": 11, "fields": {"product": null, "order": 8, "name": "Camera", "qty": 1, "price": "15.00", "image": "/images/camera.jpg"}}, {"model": "base.orderitem", "pk": 12, "fields": {"product": 1, "order": 9, "name": "Airpods Wireless Bluetooth Headphones", "qty": 1, "price": "1.00", "image": "/images/airpods.jpg"}}, {"model": "base.orderitem", "pk": 13, "fields": {"product": null, "order": 9, "name": "Camera", "qty": 1, "price": "15.00", "image": "/images/camera.jpg"}}, {"model": "base.orderitem", "pk": 14, "fields": {"product": 1, "order": 10, "name": "Airpods Wireless Bluetooth Headphones", "qty": 1, "price": "1.00", "image": "/images/airpods.jpg"}}, {"model": "base.orderitem", "pk": 15, "fields": {"product": null, "order": 10, "name": "Camera", "qty": 1, "price": "15.00", "image": "/images/camera.jpg"}}, {"model": "base.orderitem", "pk": 16, "fields": {"product": 1, "order": 12, "name": "Airpods Wireless Bluetooth Headphones", "qty": 1, "price": "1.00", "image": "/images/airpods.jpg"}}, {"model": "base.orderitem", "pk": 17, "fields": {"product": 1, "order": 13, "name": "Airpods Wireless Bluetooth Headphones", "qty": 1, "price": "1.00", "image": "/images/airpods.jpg"}}, {"model": "base.orderitem", "pk": 18, "fields": {"product": null, "order": 14, "name": "Camera", "qty": 1, "price": "15.00", "image": "/images/camera.jpg"}}, {"model": "base.orderitem", "pk": 19, "fields": {"product": 1, "order": 14, "name": "Airpods Wireless Bluetooth Headphones", "qty": 1, "price": "1.00", "image": "/images/airpods.jpg"}}, {"model": "base.orderitem", "pk": 20, "fields": {"product": null, "order": 15, "name": "Camera", "qty": 1, "price": "15.00", "image": "/images/camera.jpg"}}, {"model": "base.orderitem", "pk": 21, "fields": {"product": null, "order": 16, "name": "Camera", "qty": 1, "price": "15.00", "image": "/images/camera.jpg"}}, {"model": "base.orderitem", "pk": 22, "fields": {"product": 1, "order": 16, "name": "Airpods Wireless Bluetooth Headphones", "qty": 1, "price": "1.00", "image": "/images/airpods.jpg"}}, {"model": "base.orderitem", "pk": 23, "fields": {"product": null, "order": 17, "name": "Camera", "qty": 2, "price": "15.00", "image": "/images/camera.jpg"}}, {"model": "base.orderitem", "pk": 24, "fields": {"product": 1, "order": 18, "name": "Airpods Wireless Bluetooth Headphones", "qty": 1, "price": "1.00", "image": "/images/airpods.jpg"}}, {"model": "base.orderitem", "pk": 25, "fields": {"product": 1, "order": 19, "name": "Airpods Wireless Bluetooth Headphones", "qty": 1, "price": "1.00", "image": "/images/airpods.jpg"}}, {"model": "base.orderitem", "pk": 26, "fields": {"product": 1, "order": 20, "name": "Airpods Wireless Bluetooth Headphones", "qty": 1, "price": "1.00", "image": "/images/airpods.jpg"}}, {"model": "base.orderitem", "pk": 27, "fields": {"product": null, "order": 20, "name": "Camera", "qty": 6, "price": "15.00", "image": "/images/camera.jpg"}}, {"model": "base.orderitem", "pk": 28, "fields": {"product": 1, "order": 21, "name": "Airpods Wireless Bluetooth Headphones", "qty": 1, "price": "1.00", "image": "/images/airpods.jpg"}}, {"model": "base.orderitem", "pk": 29, "fields": {"product": 1, "order": 22, "name": "Airpods Wireless Bluetooth Headphones", "qty": 5, "price": "1.00", "image": "/images/airpods.jpg"}}, {"model": "base.orderitem", "pk": 30, "fields": {"product": null, "order": 22, "name": "Camera", "qty": 4, "price": "15.00", "image": "/images/camera.jpg"}}, {"model": "base.orderitem", "pk": 31, "fields": {"product": 1, "order": 23, "name": "Airpods Wireless Bluetooth Headphones", "qty": 8, "price": "1.00", "image": "/images/airpods.jpg"}}, {"model": "base.orderitem", "pk": 32, "fields": {"product": null, "order": 23, "name": "Camera", "qty": 1, "price": "15.00", "image": "/images/camera.jpg"}}, {"model": "base.orderitem", "pk": 33, "fields": {"product": 1, "order": 24, "name": "Airpods Wireless Bluetooth Headphones", "qty": 9, "price": "1.00", "image": "/images/airpods.jpg"}}, {"model": "base.orderitem", "pk": 34, "fields": {"product": null, "order": 24, "name": "Camera", "qty": 3, "price": "15.00", "image": "/images/camera.jpg"}}, {"model": "base.orderitem", "pk": 35, "fields": {"product": 1, "order": 25, "name": "Airpods Wireless Bluetooth Headphones", "qty": 9, "price": "1.00", "image": "/images/airpods.jpg"}}, {"model": "base.orderitem", "pk": 36, "fields": {"product": null, "order": 25, "name": "Camera", "qty": 3, "price": "15.00", "image": "/images/camera.jpg"}}, {"model": "base.orderitem", "pk": 37, "fields": {"product": 1, "order": 26, "name": "Airpods Wireless Bluetooth Headphones", "qty": 9, "price": "1.00", "image": "/images/airpods.jpg"}}, {"model": "base.orderitem", "pk": 38, "fields": {"product": null, "order": 26, "name": "Camera", "qty": 3, "price": "15.00", "image": "/images/camera.jpg"}}, {"model": "base.orderitem", "pk": 39, "fields": {"product": 1, "order": 27, "name": "Airpods Wireless Bluetooth Headphones", "qty": 9, "price": "1.00", "image": "/images/airpods.jpg"}}, {"model": "base.orderitem", "pk": 40, "fields": {"product": null, "order": 27, "name": "Camera", "qty": 3, "price": "15.00", "image": "/images/camera.jpg"}}, {"model": "base.orderitem", "pk": 41, "fields": {"product": 1, "order": 28, "name": "Airpods Wireless Bluetooth Headphones", "qty": 1, "price": "1.00", "image": "/images/airpods.jpg"}}, {"model": "base.orderitem", "pk": 42, "fields": {"product": null, "order": 28, "name": "Camera", "qty": 1, "price": "15.00", "image": "/images/camera.jpg"}}, {"model": "base.orderitem", "pk": 43, "fields": {"product": 1, "order": 30, "name": "Airpods Wireless Bluetooth Headphones", "qty": 4, "price": "1.00", "image": "/images/airpods.jpg"}}, {"model": "base.orderitem", "pk": 44, "fields": {"product": null, "order": 30, "name": "Camera", "qty": 1, "price": "15.00", "image": "/images/camera.jpg"}}, {"model": "base.orderitem", "pk": 45, "fields": {"product": 1, "order": 31, "name": "Airpods Wireless Bluetooth Headphones", "qty": 1, "price": "1.00", "image": "/images/airpods.jpg"}}, {"model": "base.orderitem", "pk": 46, "fields": {"product": 1, "order": 32, "name": "Airpods Wireless Bluetooth Headphones", "qty": 1, "price": "1.00", "image": "/images/airpods.jpg"}}, {"model": "base.orderitem", "pk": 47, "fields": {"product": 1, "order": 33, "name": "Airpods Wireless Bluetooth Headphones", "qty": 1, "price": "1.00", "image": "/images/airpods.jpg"}}, {"model": "base.orderitem", "pk": 48, "fields": {"product": 1, "order": 34, "name": "Airpods Wireless Bluetooth Headphones", "qty": 1, "price": "1.00", "image": "/images/airpods.jpg"}}, {"model": "base.orderitem", "pk": 49, "fields": {"product": 1, "order": 35, "name": "Airpods Wireless Bluetooth Headphones", "qty": 1, "price": "1.00", "image": "/images/airpods.jpg"}}, {"model": "base.orderitem", "pk": 50, "fields": {"product": 1, "order": 36, "name": "Airpods Wireless Bluetooth Headphones", "qty": 2, "price": "1.00", "image": "/images/airpods.jpg"}}, {"model": "base.orderitem", "pk": 51, "fields": {"product": null, "order": 37, "name": "Camera", "qty": 1, "price": "15.00", "image": "/images/camera.jpg"}}, {"model": "base.orderitem", "pk": 52, "fields": {"product": null, "order": 38, "name": "Camera", "qty": 1, "price": "15.00", "image": "/images/camera.jpg"}}, {"model": "base.orderitem", "pk": 53, "fields": {"product": null, "order": 39, "name": "Camera", "qty": 1, "price": "15.00", "image": "/images/camera.jpg"}}, {"model": "base.orderitem", "pk": 54, "fields": {"product": 1, "order": 40, "name": "Airpods Wireless Bluetooth Headphones", "qty": 1, "price": "1.00", "image": "/images/airpods.jpg"}}, {"model": "base.orderitem", "pk": 55, "fields": {"product": null, "order": 40, "name": "Camera", "qty": 1, "price": "15.00", "image": "/images/camera.jpg"}}, {"model": "base.orderitem", "pk": 56, "fields": {"product": 1, "order": 41, "name": "Airpods Wireless Bluetooth Headphones", "qty": 1, "price": "1.00", "image": "/images/airpods.jpg"}}, {"model": "base.orderitem", "pk": 57, "fields": {"product": null, "order": 41, "name": "Camera", "qty": 1, "price": "15.00", "image": "/images/camera.jpg"}}, {"model": "base.orderitem", "pk": 58, "fields": {"product": 1, "order": 42, "name": "Airpods Wireless Bluetooth Headphones", "qty": 1, "price": "1.00", "image": "/images/airpods.jpg"}}, {"model": "base.orderitem", "pk": 59, "fields": {"product": null, "order": 43, "name": "Camera", "qty": 1, "price": "15.00", "image": "/images/camera.jpg"}}, {"model": "base.orderitem", "pk": 60, "fields": {"product": 1, "order": 44, "name": "Airpods Wireless Bluetooth Headphones", "qty": 1, "price": "1.00", "image": "/images/airpods.jpg"}}, {"model": "base.orderitem", "pk": 61, "fields": {"product": null, "order": 45, "name": "Camera", "qty": 1, "price": "15.00", "image": "/images/camera.jpg"}}, {"model": "base.orderitem", "pk": 62, "fields": {"product": 1, "order": 45, "name": "Airpods Wireless Bluetooth Headphones", "qty": 1, "price": "1.00", "image": "/images/airpods.jpg"}}, {"model": "base.orderitem", "pk": 63, "fields": {"product": 1, "order": 46, "name": "Airpods Wireless Bluetooth Headphones", "qty": 1, "price": "1.00", "image": "/images/airpods.jpg"}}, {"model": "base.orderitem", "pk": 64, "fields": {"product": null, "order": 46, "name": "Camera", "qty": 4, "price": "15.00", "image": "/images/camera.jpg"}}, {"model": "base.orderitem", "pk": 65, "fields": {"product": null, "order": 47, "name": "Camera", "qty": 7, "price": "15.00", "image": "/images/camera.jpg"}}, {"model": "base.orderitem", "pk": 66, "fields": {"product": 1, "order": 47, "name": "Airpods Wireless Bluetooth Headphones", "qty": 1, "price": "1.00", "image": "/images/airpods.jpg"}}, {"model": "base.orderitem", "pk": 67, "fields": {"product": 1, "order": 48, "name": "Airpods Wireless Bluetooth Headphones", "qty": 1, "price": "1.00", "image": "/images/airpods.jpg"}}, {"model": "base.orderitem", "pk": 68, "fields": {"product": null, "order": 48, "name": "Camera", "qty": 5, "price": "15.00", "image": "/images/camera.jpg"}}, {"model": "base.orderitem", "pk": 69, "fields": {"product": 3, "order": 49, "name": "ASUS ROG Zephyrus G14 14\"", "qty": 1, "price": "1880.00", "image": "/images/ASUS_ROG_.jpg"}}, {"model": "base.orderitem", "pk": 70, "fields": {"product": 1, "order": 49, "name": "Airpods Wireless Bluetooth Headphones", "qty": 1, "price": "250.00", "image": "/images/airpod_pro.jpg"}}, {"model": "base.orderitem", "pk": 71, "fields": {"product": 17, "order": 49, "name": "DJI Mini SE - Camera Drone with 3-Axis Gimbal, 2.7K Camera", "qty": 1, "price": "800.00", "image": "/images/51TEcohAqHS._AC_UL320_.jpg"}}, {"model": "base.orderitem", "pk": 72, "fields": {"product": 7, "order": 49, "name": "HP ZBook Firefly G8 14\" Touchscreen", "qty": 1, "price": "2470.00", "image": "/images/hpzenbook.jpg"}}, {"model": "base.orderitem", "pk": 73, "fields": {"product": 3, "order": 50, "name": "ASUS ROG Zephyrus G14 14\"", "qty": 1, "price": "1880.00", "image": "/images/ASUS_ROG_.jpg"}}, {"model": "base.orderitem", "pk": 74, "fields": {"product": 9, "order": 50, "name": "Sony WF-1000XM4 Wireless Noise Cancelling Headphones - Black", "qty": 1, "price": "38.00", "image": "/images/sony_earbud.jpg"}}, {"model": "base.orderitem", "pk": 75, "fields": {"product": 1, "order": 51, "name": "Airpods Wireless Bluetooth Headphones", "qty": 1, "price": "250.00", "image": "/images/airpod_pro.jpg"}}, {"model": "base.orderitem", "pk": 76, "fields": {"product": 12, "order": 51, "name": "Divoom Ditoo Pixel Art Gaming Portable Bluetooth Speaker", "qty": 1, "price": "100.00", "image": "/images/pixel_art.jpg"}}, {"model": "base.shippingaddress", "pk": 1, "fields": {"order": 2, "address": "12 Woodleigh Lane 06-55", "city": "Singapore", "postalCode": "357658", "country": "Singapore", "shippingPrice": null}}, {"model": "base.shippingaddress", "pk": 2, "fields": {"order": 3, "address": "12 Woodleigh Lane 06-55", "city": "Singapore", "postalCode": "357658", "country": "Singapore", "shippingPrice": null}}, {"model": "base.shippingaddress", "pk": 3, "fields": {"order": 4, "address": "12 Woodleigh Lane 06-55", "city": "Singapore", "postalCode": "357658", "country": "Singapore", "shippingPrice": null}}, {"model": "base.shippingaddress", "pk": 4, "fields": {"order": 5, "address": "12 Woodleigh Lane 06-55", "city": "Singapore", "postalCode": "357658", "country": "Singapore", "shippingPrice": null}}, {"model": "base.shippingaddress", "pk": 5, "fields": {"order": 6, "address": "12 Woodleigh Lane 06-55", "city": "Singapore", "postalCode": "357658", "country": "Singapore", "shippingPrice": null}}, {"model": "base.shippingaddress", "pk": 6, "fields": {"order": 7, "address": "12 Woodleigh Lane 06-55", "city": "Singapore", "postalCode": "357658", "country": "Singapore", "shippingPrice": null}}, {"model": "base.shippingaddress", "pk": 7, "fields": {"order": 8, "address": "12 Woodleigh Lane 06-55", "city": "Singapore", "postalCode": "357658", "country": "Singapore", "shippingPrice": null}}, {"model": "base.shippingaddress", "pk": 8, "fields": {"order": 9, "address": "12 Woodleigh Lane 06-55", "city": "Singapore", "postalCode": "357658", "country": "Singapore", "shippingPrice": null}}, {"model": "base.shippingaddress", "pk": 9, "fields": {"order": 10, "address": "12 Woodleigh Lane 06-55", "city": "Singapore", "postalCode": "357658", "country": "Singapore", "shippingPrice": null}}, {"model": "base.shippingaddress", "pk": 10, "fields": {"order": 12, "address": "12 Woodleigh Lane 06-55", "city": "Singapore", "postalCode": "357658", "country": "Singapore", "shippingPrice": null}}, {"model": "base.shippingaddress", "pk": 11, "fields": {"order": 13, "address": "12 Woodleigh Lane 06-55", "city": "Singapore", "postalCode": "357658", "country": "Singapore", "shippingPrice": null}}, {"model": "base.shippingaddress", "pk": 12, "fields": {"order": 14, "address": "12 Woodleigh Lane 06-55", "city": "Singapore", "postalCode": "357658", "country": "Singapore", "shippingPrice": null}}, {"model": "base.shippingaddress", "pk": 13, "fields": {"order": 15, "address": "12 Woodleigh Lane 06-55", "city": "Singapore", "postalCode": "357658", "country": "Singapore", "shippingPrice": null}}, {"model": "base.shippingaddress", "pk": 14, "fields": {"order": 16, "address": "12 Woodleigh Lane 06-55", "city": "Singapore", "postalCode": "357658", "country": "Singapore", "shippingPrice": null}}, {"model": "base.shippingaddress", "pk": 15, "fields": {"order": 17, "address": "12 Woodleigh Lane 06-55", "city": "Singapore", "postalCode": "357658", "country": "Singapore", "shippingPrice": null}}, {"model": "base.shippingaddress", "pk": 16, "fields": {"order": 18, "address": "12 Woodleigh Lane 06-55", "city": "Singapore", "postalCode": "357658", "country": "Singapore", "shippingPrice": null}}, {"model": "base.shippingaddress", "pk": 17, "fields": {"order": 19, "address": "12 Woodleigh Lane 06-55", "city": "Singapore", "postalCode": "357658", "country": "Singapore", "shippingPrice": null}}, {"model": "base.shippingaddress", "pk": 18, "fields": {"order": 20, "address": "12 Woodleigh Lane 06-55", "city": "Singapore", "postalCode": "357658", "country": "Singapore", "shippingPrice": null}}, {"model": "base.shippingaddress", "pk": 19, "fields": {"order": 21, "address": "12 Woodleigh Lane 06-55", "city": "Singapore", "postalCode": "357658", "country": "Singapore", "shippingPrice": null}}, {"model": "base.shippingaddress", "pk": 20, "fields": {"order": 22, "address": "12 Woodleigh Lane 06-55", "city": "Singapore", "postalCode": "357658", "country": "Singapore", "shippingPrice": null}}, {"model": "base.shippingaddress", "pk": 21, "fields": {"order": 23, "address": "12 Woodleigh Lane 06-55", "city": "Singapore", "postalCode": "357658", "country": "Singapore", "shippingPrice": null}}, {"model": "base.shippingaddress", "pk": 22, "fields": {"order": 24, "address": "12 Woodleigh Lane 06-55", "city": "Singapore", "postalCode": "357658", "country": "Singapore", "shippingPrice": null}}, {"model": "base.shippingaddress", "pk": 23, "fields": {"order": 25, "address": "12 Woodleigh Lane 06-55", "city": "Singapore", "postalCode": "357658", "country": "Singapore", "shippingPrice": null}}, {"model": "base.shippingaddress", "pk": 24, "fields": {"order": 26, "address": "12 Woodleigh Lane 06-55", "city": "Singapore", "postalCode": "357658", "country": "Singapore", "shippingPrice": null}}, {"model": "base.shippingaddress", "pk": 25, "fields": {"order": 27, "address": "12 Woodleigh Lane 06-55", "city": "Singapore", "postalCode": "357658", "country": "Singapore", "shippingPrice": null}}, {"model": "base.shippingaddress", "pk": 26, "fields": {"order": 28, "address": "12 Woodleigh Lane 06-55", "city": "Singapore", "postalCode": "357658", "country": "Singapore", "shippingPrice": null}}, {"model": "base.shippingaddress", "pk": 27, "fields": {"order": 30, "address": "12 Woodleigh Lane 06-55", "city": "Singapore", "postalCode": "357658", "country": "Singapore", "shippingPrice": null}}, {"model": "base.shippingaddress", "pk": 28, "fields": {"order": 31, "address": "12 Woodleigh Lane 06-55", "city": "Singapore", "postalCode": "357658", "country": "Singapore", "shippingPrice": null}}, {"model": "base.shippingaddress", "pk": 29, "fields": {"order": 32, "address": "12 Woodleigh Lane 06-55", "city": "Singapore", "postalCode": "357658", "country": "Singapore", "shippingPrice": null}}, {"model": "base.shippingaddress", "pk": 30, "fields": {"order": 33, "address": "12 Woodleigh Lane 06-55", "city": "Singapore", "postalCode": "357658", "country": "Singapore", "shippingPrice": null}}, {"model": "base.shippingaddress", "pk": 31, "fields": {"order": 34, "address": "12 Woodleigh Lane 06-55", "city": "Singapore", "postalCode": "357658", "country": "Singapore", "shippingPrice": null}}, {"model": "base.shippingaddress", "pk": 32, "fields": {"order": 35, "address": "12 Woodleigh Lane 06-55", "city": "Singapore", "postalCode": "357658", "country": "Singapore", "shippingPrice": null}}, {"model": "base.shippingaddress", "pk": 33, "fields": {"order": 36, "address": "12 Woodleigh Lane 06-55", "city": "Singapore", "postalCode": "357658", "country": "Singapore", "shippingPrice": null}}, {"model": "base.shippingaddress", "pk": 34, "fields": {"order": 37, "address": "12 Woodleigh Lane 06-55", "city": "Singapore", "postalCode": "357658", "country": "Singapore", "shippingPrice": null}}, {"model": "base.shippingaddress", "pk": 35, "fields": {"order": 38, "address": "12 Woodleigh Lane 06-55", "city": "Singapore", "postalCode": "357658", "country": "Singapore", "shippingPrice": null}}, {"model": "base.shippingaddress", "pk": 36, "fields": {"order": 39, "address": "12 Woodleigh Lane 06-55", "city": "Singapore", "postalCode": "357658", "country": "Singapore", "shippingPrice": null}}, {"model": "base.shippingaddress", "pk": 37, "fields": {"order": 40, "address": "12 Woodleigh Lane 06-55", "city": "Singapore", "postalCode": "357658", "country": "Singapore", "shippingPrice": null}}, {"model": "base.shippingaddress", "pk": 38, "fields": {"order": 41, "address": "12 Woodleigh Lane 06-55", "city": "Singapore", "postalCode": "357658", "country": "Singapore", "shippingPrice": null}}, {"model": "base.shippingaddress", "pk": 39, "fields": {"order": 42, "address": "12 Woodleigh Lane 06-55", "city": "Singapore", "postalCode": "357658", "country": "Singapore", "shippingPrice": null}}, {"model": "base.shippingaddress", "pk": 40, "fields": {"order": 43, "address": "12 Woodleigh Lane 06-55", "city": "Singapore", "postalCode": "357658", "country": "Singapore", "shippingPrice": null}}, {"model": "base.shippingaddress", "pk": 41, "fields": {"order": 44, "address": "12 Woodleigh Lane 06-55", "city": "Singapore", "postalCode": "357658", "country": "Singapore", "shippingPrice": null}}, {"model": "base.shippingaddress", "pk": 42, "fields": {"order": 45, "address": "12 Woodleigh Lane 06-55", "city": "Singapore", "postalCode": "357658", "country": "Singapore", "shippingPrice": null}}, {"model": "base.shippingaddress", "pk": 43, "fields": {"order": 46, "address": "12 Woodleigh Lane 06-55", "city": "Singapore", "postalCode": "357658", "country": "Singapore", "shippingPrice": null}}, {"model": "base.shippingaddress", "pk": 44, "fields": {"order": 47, "address": "12 Woodleigh Lane 06-55", "city": "Singapore", "postalCode": "357658", "country": "Singapore", "shippingPrice": null}}, {"model": "base.shippingaddress", "pk": 45, "fields": {"order": 48, "address": "12 Woodleigh Lane 06-55", "city": "Singapore", "postalCode": "357658", "country": "Singapore", "shippingPrice": null}}, {"model": "base.shippingaddress", "pk": 46, "fields": {"order": 49, "address": "12 Woodleigh Lane 06-55", "city": "Singapore", "postalCode": "357658", "country": "Singapore", "shippingPrice": null}}, {"model": "base.shippingaddress", "pk": 47, "fields": {"order": 50, "address": "12 Woodleigh Lane 06-55", "city": "Singapore", "postalCode": "357658", "country": "Singapore", "shippingPrice": null}}, {"model": "base.shippingaddress", "pk": 48, "fields": {"order": 51, "address": "12 Woodleigh Lane 06-55", "city": "Singapore", "postalCode": "357658", "country": "Singapore", "shippingPrice": null}}]